read1,read2,file,sample,f,2019-08-21_ACDVH5ANXX,2019-08-21_BCDT4JANXX,2019-09-04_ACDVECANXX,2019-09-14_BCDV6TANXX
./2019-08-21_BCDT4JANXX/10_34831_TGGTTC_read1.fastq.gz,./2019-08-21_BCDT4JANXX/10_34831_TGGTTC_read2.fastq.gz,10_34831_TGGTTC,10,2019-08-21_BCDT4JANXX,NA,2019-08-21_BCDT4JANXX,NA,NA
./2019-09-04_ACDVECANXX/10_34831_TGGTTC_read1.fastq.gz,./2019-09-04_ACDVECANXX/10_34831_TGGTTC_read2.fastq.gz,10_34831_TGGTTC,10,2019-09-04_ACDVECANXX,NA,NA,2019-09-04_ACDVECANXX,NA
./2019-09-04_ACDVECANXX/101_34878_ACTTCG_read1.fastq.gz,./2019-09-04_ACDVECANXX/101_34878_ACTTCG_read2.fastq.gz,101_34878_ACTTCG,101,2019-09-04_ACDVECANXX,NA,NA,2019-09-04_ACDVECANXX,NA
./2019-09-14_BCDV6TANXX/101_34878_ACTTCG_read1.fastq.gz,./2019-09-14_BCDV6TANXX/101_34878_ACTTCG_read2.fastq.gz,101_34878_ACTTCG,101,2019-09-14_BCDV6TANXX,NA,NA,NA,2019-09-14_BCDV6TANXX
./2019-08-21_BCDT4JANXX/102_34582_AGGCCA_read1.fastq.gz,./2019-08-21_BCDT4JANXX/102_34582_AGGCCA_read2.fastq.gz,102_34582_AGGCCA,102,2019-08-21_BCDT4JANXX,NA,2019-08-21_BCDT4JANXX,NA,NA
./2019-09-04_ACDVECANXX/102_34582_AGGCCA_read1.fastq.gz,./2019-09-04_ACDVECANXX/102_34582_AGGCCA_read2.fastq.gz,102_34582_AGGCCA,102,2019-09-04_ACDVECANXX,NA,NA,2019-09-04_ACDVECANXX,NA
./2019-09-04_ACDVECANXX/102V_34916_AGGACT_read1.fastq.gz,./2019-09-04_ACDVECANXX/102V_34916_AGGACT_read2.fastq.gz,102V_34916_AGGACT,102V,2019-09-04_ACDVECANXX,NA,NA,2019-09-04_ACDVECANXX,NA
./2019-09-14_BCDV6TANXX/102V_34916_AGGACT_read1.fastq.gz,./2019-09-14_BCDV6TANXX/102V_34916_AGGACT_read2.fastq.gz,102V_34916_AGGACT,102V,2019-09-14_BCDV6TANXX,NA,NA,NA,2019-09-14_BCDV6TANXX
./2019-09-04_ACDVECANXX/103_34879_TGGTTC_read1.fastq.gz,./2019-09-04_ACDVECANXX/103_34879_TGGTTC_read2.fastq.gz,103_34879_TGGTTC,103,2019-09-04_ACDVECANXX,NA,NA,2019-09-04_ACDVECANXX,NA
./2019-09-14_BCDV6TANXX/103_34879_TGGTTC_read1.fastq.gz,./2019-09-14_BCDV6TANXX/103_34879_TGGTTC_read2.fastq.gz,103_34879_TGGTTC,103,2019-09-14_BCDV6TANXX,NA,NA,NA,2019-09-14_BCDV6TANXX
./2019-08-21_ACDVH5ANXX/103V_35132_GCCAAG_read1.fastq.gz,./2019-08-21_ACDVH5ANXX/103V_35132_GCCAAG_read2.fastq.gz,103V_35132_GCCAAG,103V,2019-08-21_ACDVH5ANXX,2019-08-21_ACDVH5ANXX,NA,NA,NA
./2019-09-14_BCDV6TANXX/103V_35132_GCCAAG_read1.fastq.gz,./2019-09-14_BCDV6TANXX/103V_35132_GCCAAG_read2.fastq.gz,103V_35132_GCCAAG,103V,2019-09-14_BCDV6TANXX,NA,NA,NA,2019-09-14_BCDV6TANXX
./2019-09-04_ACDVECANXX/104_34880_ATTCTC_read1.fastq.gz,./2019-09-04_ACDVECANXX/104_34880_ATTCTC_read2.fastq.gz,104_34880_ATTCTC,104,2019-09-04_ACDVECANXX,NA,NA,2019-09-04_ACDVECANXX,NA
./2019-09-14_BCDV6TANXX/104_34880_ATTCTC_read1.fastq.gz,./2019-09-14_BCDV6TANXX/104_34880_ATTCTC_read2.fastq.gz,104_34880_ATTCTC,104,2019-09-14_BCDV6TANXX,NA,NA,NA,2019-09-14_BCDV6TANXX
./2019-09-04_ACDVECANXX/104V_34917_ACCTTC_read1.fastq.gz,./2019-09-04_ACDVECANXX/104V_34917_ACCTTC_read2.fastq.gz,104V_34917_ACCTTC,104V,2019-09-04_ACDVECANXX,NA,NA,2019-09-04_ACDVECANXX,NA
./2019-09-14_BCDV6TANXX/104V_34917_ACCTTC_read1.fastq.gz,./2019-09-14_BCDV6TANXX/104V_34917_ACCTTC_read2.fastq.gz,104V_34917_ACCTTC,104V,2019-09-14_BCDV6TANXX,NA,NA,NA,2019-09-14_BCDV6TANXX
./2019-08-21_ACDVH5ANXX/105V_35140_GGAGCC_read1.fastq.gz,./2019-08-21_ACDVH5ANXX/105V_35140_GGAGCC_read2.fastq.gz,105V_35140_GGAGCC,105V,2019-08-21_ACDVH5ANXX,2019-08-21_ACDVH5ANXX,NA,NA,NA
./2019-09-14_BCDV6TANXX/105V_35140_GGAGCC_read1.fastq.gz,./2019-09-14_BCDV6TANXX/105V_35140_GGAGCC_read2.fastq.gz,105V_35140_GGAGCC,105V,2019-09-14_BCDV6TANXX,NA,NA,NA,2019-09-14_BCDV6TANXX
./2019-09-04_ACDVECANXX/107_34881_ATCTTG_read1.fastq.gz,./2019-09-04_ACDVECANXX/107_34881_ATCTTG_read2.fastq.gz,107_34881_ATCTTG,107,2019-09-04_ACDVECANXX,NA,NA,2019-09-04_ACDVECANXX,NA
./2019-09-14_BCDV6TANXX/107_34881_ATCTTG_read1.fastq.gz,./2019-09-14_BCDV6TANXX/107_34881_ATCTTG_read2.fastq.gz,107_34881_ATCTTG,107,2019-09-14_BCDV6TANXX,NA,NA,NA,2019-09-14_BCDV6TANXX
./2019-09-04_ACDVECANXX/107V_34918_CGTCGC_read1.fastq.gz,./2019-09-04_ACDVECANXX/107V_34918_CGTCGC_read2.fastq.gz,107V_34918_CGTCGC,107V,2019-09-04_ACDVECANXX,NA,NA,2019-09-04_ACDVECANXX,NA
./2019-09-14_BCDV6TANXX/107V_34918_CGTCGC_read1.fastq.gz,./2019-09-14_BCDV6TANXX/107V_34918_CGTCGC_read2.fastq.gz,107V_34918_CGTCGC,107V,2019-09-14_BCDV6TANXX,NA,NA,NA,2019-09-14_BCDV6TANXX
./2019-09-04_ACDVECANXX/108V_34919_TCATAC_read1.fastq.gz,./2019-09-04_ACDVECANXX/108V_34919_TCATAC_read2.fastq.gz,108V_34919_TCATAC,108V,2019-09-04_ACDVECANXX,NA,NA,2019-09-04_ACDVECANXX,NA
./2019-09-14_BCDV6TANXX/108V_34919_TCATAC_read1.fastq.gz,./2019-09-14_BCDV6TANXX/108V_34919_TCATAC_read2.fastq.gz,108V_34919_TCATAC,108V,2019-09-14_BCDV6TANXX,NA,NA,NA,2019-09-14_BCDV6TANXX
./2019-09-04_ACDVECANXX/109_34882_CATTCG_read1.fastq.gz,./2019-09-04_ACDVECANXX/109_34882_CATTCG_read2.fastq.gz,109_34882_CATTCG,109,2019-09-04_ACDVECANXX,NA,NA,2019-09-04_ACDVECANXX,NA
./2019-09-14_BCDV6TANXX/109_34882_CATTCG_read1.fastq.gz,./2019-09-14_BCDV6TANXX/109_34882_CATTCG_read2.fastq.gz,109_34882_CATTCG,109,2019-09-14_BCDV6TANXX,NA,NA,NA,2019-09-14_BCDV6TANXX
./2019-08-21_BCDT4JANXX/11_34553_CTGAGG_read1.fastq.gz,./2019-08-21_BCDT4JANXX/11_34553_CTGAGG_read2.fastq.gz,11_34553_CTGAGG,11,2019-08-21_BCDT4JANXX,NA,2019-08-21_BCDT4JANXX,NA,NA
./2019-09-04_ACDVECANXX/11_34553_CTGAGG_read1.fastq.gz,./2019-09-04_ACDVECANXX/11_34553_CTGAGG_read2.fastq.gz,11_34553_CTGAGG,11,2019-09-04_ACDVECANXX,NA,NA,2019-09-04_ACDVECANXX,NA
./2019-09-04_ACDVECANXX/110_34883_GCTCCA_read1.fastq.gz,./2019-09-04_ACDVECANXX/110_34883_GCTCCA_read2.fastq.gz,110_34883_GCTCCA,110,2019-09-04_ACDVECANXX,NA,NA,2019-09-04_ACDVECANXX,NA
./2019-09-14_BCDV6TANXX/110_34883_GCTCCA_read1.fastq.gz,./2019-09-14_BCDV6TANXX/110_34883_GCTCCA_read2.fastq.gz,110_34883_GCTCCA,110,2019-09-14_BCDV6TANXX,NA,NA,NA,2019-09-14_BCDV6TANXX
./2019-09-04_ACDVECANXX/111_34884_TCGCAT_read1.fastq.gz,./2019-09-04_ACDVECANXX/111_34884_TCGCAT_read2.fastq.gz,111_34884_TCGCAT,111,2019-09-04_ACDVECANXX,NA,NA,2019-09-04_ACDVECANXX,NA
./2019-09-14_BCDV6TANXX/111_34884_TCGCAT_read1.fastq.gz,./2019-09-14_BCDV6TANXX/111_34884_TCGCAT_read2.fastq.gz,111_34884_TCGCAT,111,2019-09-14_BCDV6TANXX,NA,NA,NA,2019-09-14_BCDV6TANXX
./2019-09-04_ACDVECANXX/111V_34920_GTCAAC_read1.fastq.gz,./2019-09-04_ACDVECANXX/111V_34920_GTCAAC_read2.fastq.gz,111V_34920_GTCAAC,111V,2019-09-04_ACDVECANXX,NA,NA,2019-09-04_ACDVECANXX,NA
./2019-09-14_BCDV6TANXX/111V_34920_GTCAAC_read1.fastq.gz,./2019-09-14_BCDV6TANXX/111V_34920_GTCAAC_read2.fastq.gz,111V_34920_GTCAAC,111V,2019-09-14_BCDV6TANXX,NA,NA,NA,2019-09-14_BCDV6TANXX
./2019-09-04_ACDVECANXX/112_34885_ATCGAT_read1.fastq.gz,./2019-09-04_ACDVECANXX/112_34885_ATCGAT_read2.fastq.gz,112_34885_ATCGAT,112,2019-09-04_ACDVECANXX,NA,NA,2019-09-04_ACDVECANXX,NA
./2019-09-14_BCDV6TANXX/112_34885_ATCGAT_read1.fastq.gz,./2019-09-14_BCDV6TANXX/112_34885_ATCGAT_read2.fastq.gz,112_34885_ATCGAT,112,2019-09-14_BCDV6TANXX,NA,NA,NA,2019-09-14_BCDV6TANXX
./2019-09-04_ACDVECANXX/113_34886_CTAAGC_read1.fastq.gz,./2019-09-04_ACDVECANXX/113_34886_CTAAGC_read2.fastq.gz,113_34886_CTAAGC,113,2019-09-04_ACDVECANXX,NA,NA,2019-09-04_ACDVECANXX,NA
./2019-09-14_BCDV6TANXX/113_34886_CTAAGC_read1.fastq.gz,./2019-09-14_BCDV6TANXX/113_34886_CTAAGC_read2.fastq.gz,113_34886_CTAAGC,113,2019-09-14_BCDV6TANXX,NA,NA,NA,2019-09-14_BCDV6TANXX
./2019-09-04_ACDVECANXX/114_34887_GATGGT_read1.fastq.gz,./2019-09-04_ACDVECANXX/114_34887_GATGGT_read2.fastq.gz,114_34887_GATGGT,114,2019-09-04_ACDVECANXX,NA,NA,2019-09-04_ACDVECANXX,NA
./2019-09-14_BCDV6TANXX/114_34887_GATGGT_read1.fastq.gz,./2019-09-14_BCDV6TANXX/114_34887_GATGGT_read2.fastq.gz,114_34887_GATGGT,114,2019-09-14_BCDV6TANXX,NA,NA,NA,2019-09-14_BCDV6TANXX
./2019-08-21_ACDVH5ANXX/115V_35133_GCCTGA_read1.fastq.gz,./2019-08-21_ACDVH5ANXX/115V_35133_GCCTGA_read2.fastq.gz,115V_35133_GCCTGA,115V,2019-08-21_ACDVH5ANXX,2019-08-21_ACDVH5ANXX,NA,NA,NA
./2019-09-14_BCDV6TANXX/115V_35133_GCCTGA_read1.fastq.gz,./2019-09-14_BCDV6TANXX/115V_35133_GCCTGA_read2.fastq.gz,115V_35133_GCCTGA,115V,2019-09-14_BCDV6TANXX,NA,NA,NA,2019-09-14_BCDV6TANXX
./2019-08-21_ACDVH5ANXX/116_35114_TTCTGG_read1.fastq.gz,./2019-08-21_ACDVH5ANXX/116_35114_TTCTGG_read2.fastq.gz,116_35114_TTCTGG,116,2019-08-21_ACDVH5ANXX,2019-08-21_ACDVH5ANXX,NA,NA,NA
./2019-09-14_BCDV6TANXX/116_35114_TTCTGG_read1.fastq.gz,./2019-09-14_BCDV6TANXX/116_35114_TTCTGG_read2.fastq.gz,116_35114_TTCTGG,116,2019-09-14_BCDV6TANXX,NA,NA,NA,2019-09-14_BCDV6TANXX
./2019-08-21_ACDVH5ANXX/117_35115_GTCTTC_read1.fastq.gz,./2019-08-21_ACDVH5ANXX/117_35115_GTCTTC_read2.fastq.gz,117_35115_GTCTTC,117,2019-08-21_ACDVH5ANXX,2019-08-21_ACDVH5ANXX,NA,NA,NA
./2019-09-14_BCDV6TANXX/117_35115_GTCTTC_read1.fastq.gz,./2019-09-14_BCDV6TANXX/117_35115_GTCTTC_read2.fastq.gz,117_35115_GTCTTC,117,2019-09-14_BCDV6TANXX,NA,NA,NA,2019-09-14_BCDV6TANXX
./2019-09-04_ACDVECANXX/117V_34921_GTCGCG_read1.fastq.gz,./2019-09-04_ACDVECANXX/117V_34921_GTCGCG_read2.fastq.gz,117V_34921_GTCGCG,117V,2019-09-04_ACDVECANXX,NA,NA,2019-09-04_ACDVECANXX,NA
./2019-09-14_BCDV6TANXX/117V_34921_GTCGCG_read1.fastq.gz,./2019-09-14_BCDV6TANXX/117V_34921_GTCGCG_read2.fastq.gz,117V_34921_GTCGCG,117V,2019-09-14_BCDV6TANXX,NA,NA,NA,2019-09-14_BCDV6TANXX
./2019-08-21_BCDT4JANXX/12_34832_ATTCTC_read1.fastq.gz,./2019-08-21_BCDT4JANXX/12_34832_ATTCTC_read2.fastq.gz,12_34832_ATTCTC,12,2019-08-21_BCDT4JANXX,NA,2019-08-21_BCDT4JANXX,NA,NA
./2019-09-04_ACDVECANXX/12_34832_ATTCTC_read1.fastq.gz,./2019-09-04_ACDVECANXX/12_34832_ATTCTC_read2.fastq.gz,12_34832_ATTCTC,12,2019-09-04_ACDVECANXX,NA,NA,2019-09-04_ACDVECANXX,NA
./2019-08-21_ACDVH5ANXX/122V_35136_GCCATT_read1.fastq.gz,./2019-08-21_ACDVH5ANXX/122V_35136_GCCATT_read2.fastq.gz,122V_35136_GCCATT,122V,2019-08-21_ACDVH5ANXX,2019-08-21_ACDVH5ANXX,NA,NA,NA
./2019-09-14_BCDV6TANXX/122V_35136_GCCATT_read1.fastq.gz,./2019-09-14_BCDV6TANXX/122V_35136_GCCATT_read2.fastq.gz,122V_35136_GCCATT,122V,2019-09-14_BCDV6TANXX,NA,NA,NA,2019-09-14_BCDV6TANXX
./2019-08-21_ACDVH5ANXX/124V_35137_CCTGCT_read1.fastq.gz,./2019-08-21_ACDVH5ANXX/124V_35137_CCTGCT_read2.fastq.gz,124V_35137_CCTGCT,124V,2019-08-21_ACDVH5ANXX,2019-08-21_ACDVH5ANXX,NA,NA,NA
./2019-09-14_BCDV6TANXX/124V_35137_CCTGCT_read1.fastq.gz,./2019-09-14_BCDV6TANXX/124V_35137_CCTGCT_read2.fastq.gz,124V_35137_CCTGCT,124V,2019-09-14_BCDV6TANXX,NA,NA,NA,2019-09-14_BCDV6TANXX
./2019-08-21_ACDVH5ANXX/127V_35138_CGCAGG_read1.fastq.gz,./2019-08-21_ACDVH5ANXX/127V_35138_CGCAGG_read2.fastq.gz,127V_35138_CGCAGG,127V,2019-08-21_ACDVH5ANXX,2019-08-21_ACDVH5ANXX,NA,NA,NA
./2019-09-14_BCDV6TANXX/127V_35138_CGCAGG_read1.fastq.gz,./2019-09-14_BCDV6TANXX/127V_35138_CGCAGG_read2.fastq.gz,127V_35138_CGCAGG,127V,2019-09-14_BCDV6TANXX,NA,NA,NA,2019-09-14_BCDV6TANXX
./2019-08-21_ACDVH5ANXX/128V_35139_TGCGTC_read1.fastq.gz,./2019-08-21_ACDVH5ANXX/128V_35139_TGCGTC_read2.fastq.gz,128V_35139_TGCGTC,128V,2019-08-21_ACDVH5ANXX,2019-08-21_ACDVH5ANXX,NA,NA,NA
./2019-09-14_BCDV6TANXX/128V_35139_TGCGTC_read1.fastq.gz,./2019-09-14_BCDV6TANXX/128V_35139_TGCGTC_read2.fastq.gz,128V_35139_TGCGTC,128V,2019-09-14_BCDV6TANXX,NA,NA,NA,2019-09-14_BCDV6TANXX
./2019-08-21_BCDT4JANXX/13_34833_ATCTTG_read1.fastq.gz,./2019-08-21_BCDT4JANXX/13_34833_ATCTTG_read2.fastq.gz,13_34833_ATCTTG,13,2019-08-21_BCDT4JANXX,NA,2019-08-21_BCDT4JANXX,NA,NA
./2019-09-04_ACDVECANXX/13_34833_ATCTTG_read1.fastq.gz,./2019-09-04_ACDVECANXX/13_34833_ATCTTG_read2.fastq.gz,13_34833_ATCTTG,13,2019-09-04_ACDVECANXX,NA,NA,2019-09-04_ACDVECANXX,NA
./2019-08-21_BCDT4JANXX/15_34834_CATTCG_read1.fastq.gz,./2019-08-21_BCDT4JANXX/15_34834_CATTCG_read2.fastq.gz,15_34834_CATTCG,15,2019-08-21_BCDT4JANXX,NA,2019-08-21_BCDT4JANXX,NA,NA
./2019-09-04_ACDVECANXX/15_34834_CATTCG_read1.fastq.gz,./2019-09-04_ACDVECANXX/15_34834_CATTCG_read2.fastq.gz,15_34834_CATTCG,15,2019-09-04_ACDVECANXX,NA,NA,2019-09-04_ACDVECANXX,NA
./2019-08-21_BCDT4JANXX/16_34835_GCTCCA_read1.fastq.gz,./2019-08-21_BCDT4JANXX/16_34835_GCTCCA_read2.fastq.gz,16_34835_GCTCCA,16,2019-08-21_BCDT4JANXX,NA,2019-08-21_BCDT4JANXX,NA,NA
./2019-09-04_ACDVECANXX/16_34835_GCTCCA_read1.fastq.gz,./2019-09-04_ACDVECANXX/16_34835_GCTCCA_read2.fastq.gz,16_34835_GCTCCA,16,2019-09-04_ACDVECANXX,NA,NA,2019-09-04_ACDVECANXX,NA
./2019-08-21_BCDT4JANXX/19_34836_TCGCAT_read1.fastq.gz,./2019-08-21_BCDT4JANXX/19_34836_TCGCAT_read2.fastq.gz,19_34836_TCGCAT,19,2019-08-21_BCDT4JANXX,NA,2019-08-21_BCDT4JANXX,NA,NA
./2019-09-04_ACDVECANXX/19_34836_TCGCAT_read1.fastq.gz,./2019-09-04_ACDVECANXX/19_34836_TCGCAT_read2.fastq.gz,19_34836_TCGCAT,19,2019-09-04_ACDVECANXX,NA,NA,2019-09-04_ACDVECANXX,NA
./2019-08-21_BCDT4JANXX/2_34551_TGGCGG_read1.fastq.gz,./2019-08-21_BCDT4JANXX/2_34551_TGGCGG_read2.fastq.gz,2_34551_TGGCGG,2,2019-08-21_BCDT4JANXX,NA,2019-08-21_BCDT4JANXX,NA,NA
./2019-09-04_ACDVECANXX/2_34551_TGGCGG_read1.fastq.gz,./2019-09-04_ACDVECANXX/2_34551_TGGCGG_read2.fastq.gz,2_34551_TGGCGG,2,2019-09-04_ACDVECANXX,NA,NA,2019-09-04_ACDVECANXX,NA
./2019-08-21_BCDT4JANXX/20_34837_ATCGAT_read1.fastq.gz,./2019-08-21_BCDT4JANXX/20_34837_ATCGAT_read2.fastq.gz,20_34837_ATCGAT,20,2019-08-21_BCDT4JANXX,NA,2019-08-21_BCDT4JANXX,NA,NA
./2019-09-04_ACDVECANXX/20_34837_ATCGAT_read1.fastq.gz,./2019-09-04_ACDVECANXX/20_34837_ATCGAT_read2.fastq.gz,20_34837_ATCGAT,20,2019-09-04_ACDVECANXX,NA,NA,2019-09-04_ACDVECANXX,NA
./2019-08-21_ACDVH5ANXX/20V_35116_CGGTTG_read1.fastq.gz,./2019-08-21_ACDVH5ANXX/20V_35116_CGGTTG_read2.fastq.gz,20V_35116_CGGTTG,20V,2019-08-21_ACDVH5ANXX,2019-08-21_ACDVH5ANXX,NA,NA,NA
./2019-09-14_BCDV6TANXX/20V_35116_CGGTTG_read1.fastq.gz,./2019-09-14_BCDV6TANXX/20V_35116_CGGTTG_read2.fastq.gz,20V_35116_CGGTTG,20V,2019-09-14_BCDV6TANXX,NA,NA,NA,2019-09-14_BCDV6TANXX
./2019-08-21_BCDT4JANXX/21_34838_CTAAGC_read1.fastq.gz,./2019-08-21_BCDT4JANXX/21_34838_CTAAGC_read2.fastq.gz,21_34838_CTAAGC,21,2019-08-21_BCDT4JANXX,NA,2019-08-21_BCDT4JANXX,NA,NA
./2019-09-04_ACDVECANXX/21_34838_CTAAGC_read1.fastq.gz,./2019-09-04_ACDVECANXX/21_34838_CTAAGC_read2.fastq.gz,21_34838_CTAAGC,21,2019-09-04_ACDVECANXX,NA,NA,2019-09-04_ACDVECANXX,NA
./2019-09-04_ACDVECANXX/21V_34888_AGTTGC_read1.fastq.gz,./2019-09-04_ACDVECANXX/21V_34888_AGTTGC_read2.fastq.gz,21V_34888_AGTTGC,21V,2019-09-04_ACDVECANXX,NA,NA,2019-09-04_ACDVECANXX,NA
./2019-09-14_BCDV6TANXX/21V_34888_AGTTGC_read1.fastq.gz,./2019-09-14_BCDV6TANXX/21V_34888_AGTTGC_read2.fastq.gz,21V_34888_AGTTGC,21V,2019-09-14_BCDV6TANXX,NA,NA,NA,2019-09-14_BCDV6TANXX
./2019-08-21_BCDT4JANXX/22_34839_GATGGT_read1.fastq.gz,./2019-08-21_BCDT4JANXX/22_34839_GATGGT_read2.fastq.gz,22_34839_GATGGT,22,2019-08-21_BCDT4JANXX,NA,2019-08-21_BCDT4JANXX,NA,NA
./2019-09-04_ACDVECANXX/22_34839_GATGGT_read1.fastq.gz,./2019-09-04_ACDVECANXX/22_34839_GATGGT_read2.fastq.gz,22_34839_GATGGT,22,2019-09-04_ACDVECANXX,NA,NA,2019-09-04_ACDVECANXX,NA
./2019-08-21_ACDVH5ANXX/22V_35117_GCTTAG_read1.fastq.gz,./2019-08-21_ACDVH5ANXX/22V_35117_GCTTAG_read2.fastq.gz,22V_35117_GCTTAG,22V,2019-08-21_ACDVH5ANXX,2019-08-21_ACDVH5ANXX,NA,NA,NA
./2019-09-14_BCDV6TANXX/22V_35117_GCTTAG_read1.fastq.gz,./2019-09-14_BCDV6TANXX/22V_35117_GCTTAG_read2.fastq.gz,22V_35117_GCTTAG,22V,2019-09-14_BCDV6TANXX,NA,NA,NA,2019-09-14_BCDV6TANXX
./2019-09-04_ACDVECANXX/23V_34889_TGACTT_read1.fastq.gz,./2019-09-04_ACDVECANXX/23V_34889_TGACTT_read2.fastq.gz,23V_34889_TGACTT,23V,2019-09-04_ACDVECANXX,NA,NA,2019-09-04_ACDVECANXX,NA
./2019-09-14_BCDV6TANXX/23V_34889_TGACTT_read1.fastq.gz,./2019-09-14_BCDV6TANXX/23V_34889_TGACTT_read2.fastq.gz,23V_34889_TGACTT,23V,2019-09-14_BCDV6TANXX,NA,NA,NA,2019-09-14_BCDV6TANXX
./2019-08-21_BCDT4JANXX/24_34555_TAGTCG_read1.fastq.gz,./2019-08-21_BCDT4JANXX/24_34555_TAGTCG_read2.fastq.gz,24_34555_TAGTCG,24,2019-08-21_BCDT4JANXX,NA,2019-08-21_BCDT4JANXX,NA,NA
./2019-09-04_ACDVECANXX/24_34555_TAGTCG_read1.fastq.gz,./2019-09-04_ACDVECANXX/24_34555_TAGTCG_read2.fastq.gz,24_34555_TAGTCG,24,2019-09-04_ACDVECANXX,NA,NA,2019-09-04_ACDVECANXX,NA
./2019-09-04_ACDVECANXX/24V_34890_AGGATC_read1.fastq.gz,./2019-09-04_ACDVECANXX/24V_34890_AGGATC_read2.fastq.gz,24V_34890_AGGATC,24V,2019-09-04_ACDVECANXX,NA,NA,2019-09-04_ACDVECANXX,NA
./2019-09-14_BCDV6TANXX/24V_34890_AGGATC_read1.fastq.gz,./2019-09-14_BCDV6TANXX/24V_34890_AGGATC_read2.fastq.gz,24V_34890_AGGATC,24V,2019-09-14_BCDV6TANXX,NA,NA,NA,2019-09-14_BCDV6TANXX
./2019-08-21_BCDT4JANXX/25_34840_AGTTGC_read1.fastq.gz,./2019-08-21_BCDT4JANXX/25_34840_AGTTGC_read2.fastq.gz,25_34840_AGTTGC,25,2019-08-21_BCDT4JANXX,NA,2019-08-21_BCDT4JANXX,NA,NA
./2019-09-04_ACDVECANXX/25_34840_AGTTGC_read1.fastq.gz,./2019-09-04_ACDVECANXX/25_34840_AGTTGC_read2.fastq.gz,25_34840_AGTTGC,25,2019-09-04_ACDVECANXX,NA,NA,2019-09-04_ACDVECANXX,NA
./2019-09-04_ACDVECANXX/25V_34891_TCGCTA_read1.fastq.gz,./2019-09-04_ACDVECANXX/25V_34891_TCGCTA_read2.fastq.gz,25V_34891_TCGCTA,25V,2019-09-04_ACDVECANXX,NA,NA,2019-09-04_ACDVECANXX,NA
./2019-09-14_BCDV6TANXX/25V_34891_TCGCTA_read1.fastq.gz,./2019-09-14_BCDV6TANXX/25V_34891_TCGCTA_read2.fastq.gz,25V_34891_TCGCTA,25V,2019-09-14_BCDV6TANXX,NA,NA,NA,2019-09-14_BCDV6TANXX
./2019-08-21_BCDT4JANXX/26_34841_TGACTT_read1.fastq.gz,./2019-08-21_BCDT4JANXX/26_34841_TGACTT_read2.fastq.gz,26_34841_TGACTT,26,2019-08-21_BCDT4JANXX,NA,2019-08-21_BCDT4JANXX,NA,NA
./2019-09-04_ACDVECANXX/26_34841_TGACTT_read1.fastq.gz,./2019-09-04_ACDVECANXX/26_34841_TGACTT_read2.fastq.gz,26_34841_TGACTT,26,2019-09-04_ACDVECANXX,NA,NA,2019-09-04_ACDVECANXX,NA
./2019-09-04_ACDVECANXX/27V_34892_ATGAGA_read1.fastq.gz,./2019-09-04_ACDVECANXX/27V_34892_ATGAGA_read2.fastq.gz,27V_34892_ATGAGA,27V,2019-09-04_ACDVECANXX,NA,NA,2019-09-04_ACDVECANXX,NA
./2019-09-14_BCDV6TANXX/27V_34892_ATGAGA_read1.fastq.gz,./2019-09-14_BCDV6TANXX/27V_34892_ATGAGA_read2.fastq.gz,27V_34892_ATGAGA,27V,2019-09-14_BCDV6TANXX,NA,NA,NA,2019-09-14_BCDV6TANXX
./2019-08-21_BCDT4JANXX/28_34842_AGGATC_read1.fastq.gz,./2019-08-21_BCDT4JANXX/28_34842_AGGATC_read2.fastq.gz,28_34842_AGGATC,28,2019-08-21_BCDT4JANXX,NA,2019-08-21_BCDT4JANXX,NA,NA
./2019-09-04_ACDVECANXX/28_34842_AGGATC_read1.fastq.gz,./2019-09-04_ACDVECANXX/28_34842_AGGATC_read2.fastq.gz,28_34842_AGGATC,28,2019-09-04_ACDVECANXX,NA,NA,2019-09-04_ACDVECANXX,NA
./2019-09-04_ACDVECANXX/28V_34893_TGGATT_read1.fastq.gz,./2019-09-04_ACDVECANXX/28V_34893_TGGATT_read2.fastq.gz,28V_34893_TGGATT,28V,2019-09-04_ACDVECANXX,NA,NA,2019-09-04_ACDVECANXX,NA
./2019-09-14_BCDV6TANXX/28V_34893_TGGATT_read1.fastq.gz,./2019-09-14_BCDV6TANXX/28V_34893_TGGATT_read2.fastq.gz,28V_34893_TGGATT,28V,2019-09-14_BCDV6TANXX,NA,NA,NA,2019-09-14_BCDV6TANXX
./2019-09-04_ACDVECANXX/29V_34894_CCGTTG_read1.fastq.gz,./2019-09-04_ACDVECANXX/29V_34894_CCGTTG_read2.fastq.gz,29V_34894_CCGTTG,29V,2019-09-04_ACDVECANXX,NA,NA,2019-09-04_ACDVECANXX,NA
./2019-09-14_BCDV6TANXX/29V_34894_CCGTTG_read1.fastq.gz,./2019-09-14_BCDV6TANXX/29V_34894_CCGTTG_read2.fastq.gz,29V_34894_CCGTTG,29V,2019-09-14_BCDV6TANXX,NA,NA,NA,2019-09-14_BCDV6TANXX
./2019-08-21_BCDT4JANXX/30_34843_TCGCTA_read1.fastq.gz,./2019-08-21_BCDT4JANXX/30_34843_TCGCTA_read2.fastq.gz,30_34843_TCGCTA,30,2019-08-21_BCDT4JANXX,NA,2019-08-21_BCDT4JANXX,NA,NA
./2019-09-04_ACDVECANXX/30_34843_TCGCTA_read1.fastq.gz,./2019-09-04_ACDVECANXX/30_34843_TCGCTA_read2.fastq.gz,30_34843_TCGCTA,30,2019-09-04_ACDVECANXX,NA,NA,2019-09-04_ACDVECANXX,NA
./2019-09-04_ACDVECANXX/30V_34895_CCGCAA_read1.fastq.gz,./2019-09-04_ACDVECANXX/30V_34895_CCGCAA_read2.fastq.gz,30V_34895_CCGCAA,30V,2019-09-04_ACDVECANXX,NA,NA,2019-09-04_ACDVECANXX,NA
./2019-09-14_BCDV6TANXX/30V_34895_CCGCAA_read1.fastq.gz,./2019-09-14_BCDV6TANXX/30V_34895_CCGCAA_read2.fastq.gz,30V_34895_CCGCAA,30V,2019-09-14_BCDV6TANXX,NA,NA,NA,2019-09-14_BCDV6TANXX
./2019-08-21_ACDVH5ANXX/31V_35118_TGACTT_read1.fastq.gz,./2019-08-21_ACDVH5ANXX/31V_35118_TGACTT_read2.fastq.gz,31V_35118_TGACTT,31V,2019-08-21_ACDVH5ANXX,2019-08-21_ACDVH5ANXX,NA,NA,NA
./2019-09-14_BCDV6TANXX/31V_35118_TGACTT_read1.fastq.gz,./2019-09-14_BCDV6TANXX/31V_35118_TGACTT_read2.fastq.gz,31V_35118_TGACTT,31V,2019-09-14_BCDV6TANXX,NA,NA,NA,2019-09-14_BCDV6TANXX
./2019-08-21_BCDT4JANXX/32_34844_ATGAGA_read1.fastq.gz,./2019-08-21_BCDT4JANXX/32_34844_ATGAGA_read2.fastq.gz,32_34844_ATGAGA,32,2019-08-21_BCDT4JANXX,NA,2019-08-21_BCDT4JANXX,NA,NA
./2019-09-04_ACDVECANXX/32_34844_ATGAGA_read1.fastq.gz,./2019-09-04_ACDVECANXX/32_34844_ATGAGA_read2.fastq.gz,32_34844_ATGAGA,32,2019-09-04_ACDVECANXX,NA,NA,2019-09-04_ACDVECANXX,NA
./2019-08-21_ACDVH5ANXX/34V_35119_TTGGCA_read1.fastq.gz,./2019-08-21_ACDVH5ANXX/34V_35119_TTGGCA_read2.fastq.gz,34V_35119_TTGGCA,34V,2019-08-21_ACDVH5ANXX,2019-08-21_ACDVH5ANXX,NA,NA,NA
./2019-09-14_BCDV6TANXX/34V_35119_TTGGCA_read1.fastq.gz,./2019-09-14_BCDV6TANXX/34V_35119_TTGGCA_read2.fastq.gz,34V_35119_TTGGCA,34V,2019-09-14_BCDV6TANXX,NA,NA,NA,2019-09-14_BCDV6TANXX
./2019-09-04_ACDVECANXX/35V_34896_CTTGAT_read1.fastq.gz,./2019-09-04_ACDVECANXX/35V_34896_CTTGAT_read2.fastq.gz,35V_34896_CTTGAT,35V,2019-09-04_ACDVECANXX,NA,NA,2019-09-04_ACDVECANXX,NA
./2019-09-14_BCDV6TANXX/35V_34896_CTTGAT_read1.fastq.gz,./2019-09-14_BCDV6TANXX/35V_34896_CTTGAT_read2.fastq.gz,35V_34896_CTTGAT,35V,2019-09-14_BCDV6TANXX,NA,NA,NA,2019-09-14_BCDV6TANXX
./2019-08-21_BCDT4JANXX/36_34559_CATTCG_read1.fastq.gz,./2019-08-21_BCDT4JANXX/36_34559_CATTCG_read2.fastq.gz,36_34559_CATTCG,36,2019-08-21_BCDT4JANXX,NA,2019-08-21_BCDT4JANXX,NA,NA
./2019-09-04_ACDVECANXX/36_34559_CATTCG_read1.fastq.gz,./2019-09-04_ACDVECANXX/36_34559_CATTCG_read2.fastq.gz,36_34559_CATTCG,36,2019-09-04_ACDVECANXX,NA,NA,2019-09-04_ACDVECANXX,NA
./2019-09-04_ACDVECANXX/36V_34897_CTGATA_read1.fastq.gz,./2019-09-04_ACDVECANXX/36V_34897_CTGATA_read2.fastq.gz,36V_34897_CTGATA,36V,2019-09-04_ACDVECANXX,NA,NA,2019-09-04_ACDVECANXX,NA
./2019-09-14_BCDV6TANXX/36V_34897_CTGATA_read1.fastq.gz,./2019-09-14_BCDV6TANXX/36V_34897_CTGATA_read2.fastq.gz,36V_34897_CTGATA,36V,2019-09-14_BCDV6TANXX,NA,NA,NA,2019-09-14_BCDV6TANXX
./2019-08-21_BCDT4JANXX/37_34560_GCTCCA_read1.fastq.gz,./2019-08-21_BCDT4JANXX/37_34560_GCTCCA_read2.fastq.gz,37_34560_GCTCCA,37,2019-08-21_BCDT4JANXX,NA,2019-08-21_BCDT4JANXX,NA,NA
./2019-09-04_ACDVECANXX/37_34560_GCTCCA_read1.fastq.gz,./2019-09-04_ACDVECANXX/37_34560_GCTCCA_read2.fastq.gz,37_34560_GCTCCA,37,2019-09-04_ACDVECANXX,NA,NA,2019-09-04_ACDVECANXX,NA
./2019-08-21_BCDT4JANXX/38_34845_TGGATT_read1.fastq.gz,./2019-08-21_BCDT4JANXX/38_34845_TGGATT_read2.fastq.gz,38_34845_TGGATT,38,2019-08-21_BCDT4JANXX,NA,2019-08-21_BCDT4JANXX,NA,NA
./2019-09-04_ACDVECANXX/38_34845_TGGATT_read1.fastq.gz,./2019-09-04_ACDVECANXX/38_34845_TGGATT_read2.fastq.gz,38_34845_TGGATT,38,2019-09-04_ACDVECANXX,NA,NA,2019-09-04_ACDVECANXX,NA
./2019-09-04_ACDVECANXX/38V_34898_CTCGCA_read1.fastq.gz,./2019-09-04_ACDVECANXX/38V_34898_CTCGCA_read2.fastq.gz,38V_34898_CTCGCA,38V,2019-09-04_ACDVECANXX,NA,NA,2019-09-04_ACDVECANXX,NA
./2019-09-14_BCDV6TANXX/38V_34898_CTCGCA_read1.fastq.gz,./2019-09-14_BCDV6TANXX/38V_34898_CTCGCA_read2.fastq.gz,38V_34898_CTCGCA,38V,2019-09-14_BCDV6TANXX,NA,NA,NA,2019-09-14_BCDV6TANXX
./2019-08-21_BCDT4JANXX/39_34561_TCGCAT_read1.fastq.gz,./2019-08-21_BCDT4JANXX/39_34561_TCGCAT_read2.fastq.gz,39_34561_TCGCAT,39,2019-08-21_BCDT4JANXX,NA,2019-08-21_BCDT4JANXX,NA,NA
./2019-09-04_ACDVECANXX/39_34561_TCGCAT_read1.fastq.gz,./2019-09-04_ACDVECANXX/39_34561_TCGCAT_read2.fastq.gz,39_34561_TCGCAT,39,2019-09-04_ACDVECANXX,NA,NA,2019-09-04_ACDVECANXX,NA
./2019-08-21_BCDT4JANXX/4_34827_CGTTGG_read1.fastq.gz,./2019-08-21_BCDT4JANXX/4_34827_CGTTGG_read2.fastq.gz,4_34827_CGTTGG,4,2019-08-21_BCDT4JANXX,NA,2019-08-21_BCDT4JANXX,NA,NA
./2019-09-04_ACDVECANXX/4_34827_CGTTGG_read1.fastq.gz,./2019-09-04_ACDVECANXX/4_34827_CGTTGG_read2.fastq.gz,4_34827_CGTTGG,4,2019-09-04_ACDVECANXX,NA,NA,2019-09-04_ACDVECANXX,NA
./2019-08-21_BCDT4JANXX/40_34846_CCGTTG_read1.fastq.gz,./2019-08-21_BCDT4JANXX/40_34846_CCGTTG_read2.fastq.gz,40_34846_CCGTTG,40,2019-08-21_BCDT4JANXX,NA,2019-08-21_BCDT4JANXX,NA,NA
./2019-09-04_ACDVECANXX/40_34846_CCGTTG_read1.fastq.gz,./2019-09-04_ACDVECANXX/40_34846_CCGTTG_read2.fastq.gz,40_34846_CCGTTG,40,2019-09-04_ACDVECANXX,NA,NA,2019-09-04_ACDVECANXX,NA
./2019-08-21_BCDT4JANXX/41_34847_CCGCAA_read1.fastq.gz,./2019-08-21_BCDT4JANXX/41_34847_CCGCAA_read2.fastq.gz,41_34847_CCGCAA,41,2019-08-21_BCDT4JANXX,NA,2019-08-21_BCDT4JANXX,NA,NA
./2019-09-04_ACDVECANXX/41_34847_CCGCAA_read1.fastq.gz,./2019-09-04_ACDVECANXX/41_34847_CCGCAA_read2.fastq.gz,41_34847_CCGCAA,41,2019-09-04_ACDVECANXX,NA,NA,2019-09-04_ACDVECANXX,NA
./2019-09-04_ACDVECANXX/41V_34899_AACGGT_read1.fastq.gz,./2019-09-04_ACDVECANXX/41V_34899_AACGGT_read2.fastq.gz,41V_34899_AACGGT,41V,2019-09-04_ACDVECANXX,NA,NA,2019-09-04_ACDVECANXX,NA
./2019-09-14_BCDV6TANXX/41V_34899_AACGGT_read1.fastq.gz,./2019-09-14_BCDV6TANXX/41V_34899_AACGGT_read2.fastq.gz,41V_34899_AACGGT,41V,2019-09-14_BCDV6TANXX,NA,NA,NA,2019-09-14_BCDV6TANXX
./2019-08-21_BCDT4JANXX/42_34848_CTTGAT_read1.fastq.gz,./2019-08-21_BCDT4JANXX/42_34848_CTTGAT_read2.fastq.gz,42_34848_CTTGAT,42,2019-08-21_BCDT4JANXX,NA,2019-08-21_BCDT4JANXX,NA,NA
./2019-09-04_ACDVECANXX/42_34848_CTTGAT_read1.fastq.gz,./2019-09-04_ACDVECANXX/42_34848_CTTGAT_read2.fastq.gz,42_34848_CTTGAT,42,2019-09-04_ACDVECANXX,NA,NA,2019-09-04_ACDVECANXX,NA
./2019-09-04_ACDVECANXX/42V_34900_AATCCG_read1.fastq.gz,./2019-09-04_ACDVECANXX/42V_34900_AATCCG_read2.fastq.gz,42V_34900_AATCCG,42V,2019-09-04_ACDVECANXX,NA,NA,2019-09-04_ACDVECANXX,NA
./2019-09-14_BCDV6TANXX/42V_34900_AATCCG_read1.fastq.gz,./2019-09-14_BCDV6TANXX/42V_34900_AATCCG_read2.fastq.gz,42V_34900_AATCCG,42V,2019-09-14_BCDV6TANXX,NA,NA,NA,2019-09-14_BCDV6TANXX
./2019-08-21_BCDT4JANXX/43_34849_CTGATA_read1.fastq.gz,./2019-08-21_BCDT4JANXX/43_34849_CTGATA_read2.fastq.gz,43_34849_CTGATA,43,2019-08-21_BCDT4JANXX,NA,2019-08-21_BCDT4JANXX,NA,NA
./2019-09-04_ACDVECANXX/43_34849_CTGATA_read1.fastq.gz,./2019-09-04_ACDVECANXX/43_34849_CTGATA_read2.fastq.gz,43_34849_CTGATA,43,2019-09-04_ACDVECANXX,NA,NA,2019-09-04_ACDVECANXX,NA
./2019-08-21_BCDT4JANXX/44_34850_CTCGCA_read1.fastq.gz,./2019-08-21_BCDT4JANXX/44_34850_CTCGCA_read2.fastq.gz,44_34850_CTCGCA,44,2019-08-21_BCDT4JANXX,NA,2019-08-21_BCDT4JANXX,NA,NA
./2019-09-04_ACDVECANXX/44_34850_CTCGCA_read1.fastq.gz,./2019-09-04_ACDVECANXX/44_34850_CTCGCA_read2.fastq.gz,44_34850_CTCGCA,44,2019-09-04_ACDVECANXX,NA,NA,2019-09-04_ACDVECANXX,NA
./2019-08-21_ACDVH5ANXX/44V_35120_TGGATT_read1.fastq.gz,./2019-08-21_ACDVH5ANXX/44V_35120_TGGATT_read2.fastq.gz,44V_35120_TGGATT,44V,2019-08-21_ACDVH5ANXX,2019-08-21_ACDVH5ANXX,NA,NA,NA
./2019-09-14_BCDV6TANXX/44V_35120_TGGATT_read1.fastq.gz,./2019-09-14_BCDV6TANXX/44V_35120_TGGATT_read2.fastq.gz,44V_35120_TGGATT,44V,2019-09-14_BCDV6TANXX,NA,NA,NA,2019-09-14_BCDV6TANXX
./2019-08-21_BCDT4JANXX/45_34851_AACGGT_read1.fastq.gz,./2019-08-21_BCDT4JANXX/45_34851_AACGGT_read2.fastq.gz,45_34851_AACGGT,45,2019-08-21_BCDT4JANXX,NA,2019-08-21_BCDT4JANXX,NA,NA
./2019-09-04_ACDVECANXX/45_34851_AACGGT_read1.fastq.gz,./2019-09-04_ACDVECANXX/45_34851_AACGGT_read2.fastq.gz,45_34851_AACGGT,45,2019-09-04_ACDVECANXX,NA,NA,2019-09-04_ACDVECANXX,NA
./2019-08-21_ACDVH5ANXX/45V_35121_TGCCTA_read1.fastq.gz,./2019-08-21_ACDVH5ANXX/45V_35121_TGCCTA_read2.fastq.gz,45V_35121_TGCCTA,45V,2019-08-21_ACDVH5ANXX,2019-08-21_ACDVH5ANXX,NA,NA,NA
./2019-09-14_BCDV6TANXX/45V_35121_TGCCTA_read1.fastq.gz,./2019-09-14_BCDV6TANXX/45V_35121_TGCCTA_read2.fastq.gz,45V_35121_TGCCTA,45V,2019-09-14_BCDV6TANXX,NA,NA,NA,2019-09-14_BCDV6TANXX
./2019-08-21_BCDT4JANXX/46_34562_CATAAC_read1.fastq.gz,./2019-08-21_BCDT4JANXX/46_34562_CATAAC_read2.fastq.gz,46_34562_CATAAC,46,2019-08-21_BCDT4JANXX,NA,2019-08-21_BCDT4JANXX,NA,NA
./2019-09-04_ACDVECANXX/46_34562_CATAAC_read1.fastq.gz,./2019-09-04_ACDVECANXX/46_34562_CATAAC_read2.fastq.gz,46_34562_CATAAC,46,2019-09-04_ACDVECANXX,NA,NA,2019-09-04_ACDVECANXX,NA
./2019-09-04_ACDVECANXX/46V_34901_GGAAGA_read1.fastq.gz,./2019-09-04_ACDVECANXX/46V_34901_GGAAGA_read2.fastq.gz,46V_34901_GGAAGA,46V,2019-09-04_ACDVECANXX,NA,NA,2019-09-04_ACDVECANXX,NA
./2019-09-14_BCDV6TANXX/46V_34901_GGAAGA_read1.fastq.gz,./2019-09-14_BCDV6TANXX/46V_34901_GGAAGA_read2.fastq.gz,46V_34901_GGAAGA,46V,2019-09-14_BCDV6TANXX,NA,NA,NA,2019-09-14_BCDV6TANXX
./2019-08-21_BCDT4JANXX/47_34852_AATCCG_read1.fastq.gz,./2019-08-21_BCDT4JANXX/47_34852_AATCCG_read2.fastq.gz,47_34852_AATCCG,47,2019-08-21_BCDT4JANXX,NA,2019-08-21_BCDT4JANXX,NA,NA
./2019-09-04_ACDVECANXX/47_34852_AATCCG_read1.fastq.gz,./2019-09-04_ACDVECANXX/47_34852_AATCCG_read2.fastq.gz,47_34852_AATCCG,47,2019-09-04_ACDVECANXX,NA,NA,2019-09-04_ACDVECANXX,NA
./2019-09-04_ACDVECANXX/47V_34902_TTAGTT_read1.fastq.gz,./2019-09-04_ACDVECANXX/47V_34902_TTAGTT_read2.fastq.gz,47V_34902_TTAGTT,47V,2019-09-04_ACDVECANXX,NA,NA,2019-09-04_ACDVECANXX,NA
./2019-09-14_BCDV6TANXX/47V_34902_TTAGTT_read1.fastq.gz,./2019-09-14_BCDV6TANXX/47V_34902_TTAGTT_read2.fastq.gz,47V_34902_TTAGTT,47V,2019-09-14_BCDV6TANXX,NA,NA,NA,2019-09-14_BCDV6TANXX
./2019-08-21_BCDT4JANXX/48_34563_ATCGAT_read1.fastq.gz,./2019-08-21_BCDT4JANXX/48_34563_ATCGAT_read2.fastq.gz,48_34563_ATCGAT,48,2019-08-21_BCDT4JANXX,NA,2019-08-21_BCDT4JANXX,NA,NA
./2019-09-04_ACDVECANXX/48_34563_ATCGAT_read1.fastq.gz,./2019-09-04_ACDVECANXX/48_34563_ATCGAT_read2.fastq.gz,48_34563_ATCGAT,48,2019-09-04_ACDVECANXX,NA,NA,2019-09-04_ACDVECANXX,NA
./2019-09-04_ACDVECANXX/48V_34903_GTCGAT_read1.fastq.gz,./2019-09-04_ACDVECANXX/48V_34903_GTCGAT_read2.fastq.gz,48V_34903_GTCGAT,48V,2019-09-04_ACDVECANXX,NA,NA,2019-09-04_ACDVECANXX,NA
./2019-09-14_BCDV6TANXX/48V_34903_GTCGAT_read1.fastq.gz,./2019-09-14_BCDV6TANXX/48V_34903_GTCGAT_read2.fastq.gz,48V_34903_GTCGAT,48V,2019-09-14_BCDV6TANXX,NA,NA,NA,2019-09-14_BCDV6TANXX
./2019-08-21_BCDT4JANXX/49_34853_GGAAGA_read1.fastq.gz,./2019-08-21_BCDT4JANXX/49_34853_GGAAGA_read2.fastq.gz,49_34853_GGAAGA,49,2019-08-21_BCDT4JANXX,NA,2019-08-21_BCDT4JANXX,NA,NA
./2019-09-04_ACDVECANXX/49_34853_GGAAGA_read1.fastq.gz,./2019-09-04_ACDVECANXX/49_34853_GGAAGA_read2.fastq.gz,49_34853_GGAAGA,49,2019-09-04_ACDVECANXX,NA,NA,2019-09-04_ACDVECANXX,NA
./2019-09-04_ACDVECANXX/49V_34904_GCTAAC_read1.fastq.gz,./2019-09-04_ACDVECANXX/49V_34904_GCTAAC_read2.fastq.gz,49V_34904_GCTAAC,49V,2019-09-04_ACDVECANXX,NA,NA,2019-09-04_ACDVECANXX,NA
./2019-09-14_BCDV6TANXX/49V_34904_GCTAAC_read1.fastq.gz,./2019-09-14_BCDV6TANXX/49V_34904_GCTAAC_read2.fastq.gz,49V_34904_GCTAAC,49V,2019-09-14_BCDV6TANXX,NA,NA,NA,2019-09-14_BCDV6TANXX
./2019-08-21_BCDT4JANXX/5_34552_AACCGG_read1.fastq.gz,./2019-08-21_BCDT4JANXX/5_34552_AACCGG_read2.fastq.gz,5_34552_AACCGG,5,2019-08-21_BCDT4JANXX,NA,2019-08-21_BCDT4JANXX,NA,NA
./2019-09-04_ACDVECANXX/5_34552_AACCGG_read1.fastq.gz,./2019-09-04_ACDVECANXX/5_34552_AACCGG_read2.fastq.gz,5_34552_AACCGG,5,2019-09-04_ACDVECANXX,NA,NA,2019-09-04_ACDVECANXX,NA
./2019-08-21_ACDVH5ANXX/50V_35122_GCAACT_read1.fastq.gz,./2019-08-21_ACDVH5ANXX/50V_35122_GCAACT_read2.fastq.gz,50V_35122_GCAACT,50V,2019-08-21_ACDVH5ANXX,2019-08-21_ACDVH5ANXX,NA,NA,NA
./2019-09-14_BCDV6TANXX/50V_35122_GCAACT_read1.fastq.gz,./2019-09-14_BCDV6TANXX/50V_35122_GCAACT_read2.fastq.gz,50V_35122_GCAACT,50V,2019-09-14_BCDV6TANXX,NA,NA,NA,2019-09-14_BCDV6TANXX
./2019-08-21_BCDT4JANXX/51_34854_TTAGTT_read1.fastq.gz,./2019-08-21_BCDT4JANXX/51_34854_TTAGTT_read2.fastq.gz,51_34854_TTAGTT,51,2019-08-21_BCDT4JANXX,NA,2019-08-21_BCDT4JANXX,NA,NA
./2019-09-04_ACDVECANXX/51_34854_TTAGTT_read1.fastq.gz,./2019-09-04_ACDVECANXX/51_34854_TTAGTT_read2.fastq.gz,51_34854_TTAGTT,51,2019-09-04_ACDVECANXX,NA,NA,2019-09-04_ACDVECANXX,NA
./2019-09-04_ACDVECANXX/51V_34905_GCAACG_read1.fastq.gz,./2019-09-04_ACDVECANXX/51V_34905_GCAACG_read2.fastq.gz,51V_34905_GCAACG,51V,2019-09-04_ACDVECANXX,NA,NA,2019-09-04_ACDVECANXX,NA
./2019-09-14_BCDV6TANXX/51V_34905_GCAACG_read1.fastq.gz,./2019-09-14_BCDV6TANXX/51V_34905_GCAACG_read2.fastq.gz,51V_34905_GCAACG,51V,2019-09-14_BCDV6TANXX,NA,NA,NA,2019-09-14_BCDV6TANXX
./2019-08-21_BCDT4JANXX/52_34855_GTCGAT_read1.fastq.gz,./2019-08-21_BCDT4JANXX/52_34855_GTCGAT_read2.fastq.gz,52_34855_GTCGAT,52,2019-08-21_BCDT4JANXX,NA,2019-08-21_BCDT4JANXX,NA,NA
./2019-09-04_ACDVECANXX/52_34855_GTCGAT_read1.fastq.gz,./2019-09-04_ACDVECANXX/52_34855_GTCGAT_read2.fastq.gz,52_34855_GTCGAT,52,2019-09-04_ACDVECANXX,NA,NA,2019-09-04_ACDVECANXX,NA
./2019-08-21_BCDT4JANXX/54_34856_GCTAAC_read1.fastq.gz,./2019-08-21_BCDT4JANXX/54_34856_GCTAAC_read2.fastq.gz,54_34856_GCTAAC,54,2019-08-21_BCDT4JANXX,NA,2019-08-21_BCDT4JANXX,NA,NA
./2019-09-04_ACDVECANXX/54_34856_GCTAAC_read1.fastq.gz,./2019-09-04_ACDVECANXX/54_34856_GCTAAC_read2.fastq.gz,54_34856_GCTAAC,54,2019-09-04_ACDVECANXX,NA,NA,2019-09-04_ACDVECANXX,NA
./2019-09-04_ACDVECANXX/54V_34906_CAACTA_read1.fastq.gz,./2019-09-04_ACDVECANXX/54V_34906_CAACTA_read2.fastq.gz,54V_34906_CAACTA,54V,2019-09-04_ACDVECANXX,NA,NA,2019-09-04_ACDVECANXX,NA
./2019-09-14_BCDV6TANXX/54V_34906_CAACTA_read1.fastq.gz,./2019-09-14_BCDV6TANXX/54V_34906_CAACTA_read2.fastq.gz,54V_34906_CAACTA,54V,2019-09-14_BCDV6TANXX,NA,NA,NA,2019-09-14_BCDV6TANXX
./2019-08-21_BCDT4JANXX/55_34857_GCAACG_read1.fastq.gz,./2019-08-21_BCDT4JANXX/55_34857_GCAACG_read2.fastq.gz,55_34857_GCAACG,55,2019-08-21_BCDT4JANXX,NA,2019-08-21_BCDT4JANXX,NA,NA
./2019-09-04_ACDVECANXX/55_34857_GCAACG_read1.fastq.gz,./2019-09-04_ACDVECANXX/55_34857_GCAACG_read2.fastq.gz,55_34857_GCAACG,55,2019-09-04_ACDVECANXX,NA,NA,2019-09-04_ACDVECANXX,NA
./2019-08-21_ACDVH5ANXX/55V_35123_CAGCGT_read1.fastq.gz,./2019-08-21_ACDVH5ANXX/55V_35123_CAGCGT_read2.fastq.gz,55V_35123_CAGCGT,55V,2019-08-21_ACDVH5ANXX,2019-08-21_ACDVH5ANXX,NA,NA,NA
./2019-09-14_BCDV6TANXX/55V_35123_CAGCGT_read1.fastq.gz,./2019-09-14_BCDV6TANXX/55V_35123_CAGCGT_read2.fastq.gz,55V_35123_CAGCGT,55V,2019-09-14_BCDV6TANXX,NA,NA,NA,2019-09-14_BCDV6TANXX
./2019-08-21_BCDT4JANXX/56_34858_CAACTA_read1.fastq.gz,./2019-08-21_BCDT4JANXX/56_34858_CAACTA_read2.fastq.gz,56_34858_CAACTA,56,2019-08-21_BCDT4JANXX,NA,2019-08-21_BCDT4JANXX,NA,NA
./2019-09-04_ACDVECANXX/56_34858_CAACTA_read1.fastq.gz,./2019-09-04_ACDVECANXX/56_34858_CAACTA_read2.fastq.gz,56_34858_CAACTA,56,2019-09-04_ACDVECANXX,NA,NA,2019-09-04_ACDVECANXX,NA
./2019-09-04_ACDVECANXX/56V_34907_ATAATT_read1.fastq.gz,./2019-09-04_ACDVECANXX/56V_34907_ATAATT_read2.fastq.gz,56V_34907_ATAATT,56V,2019-09-04_ACDVECANXX,NA,NA,2019-09-04_ACDVECANXX,NA
./2019-09-14_BCDV6TANXX/56V_34907_ATAATT_read1.fastq.gz,./2019-09-14_BCDV6TANXX/56V_34907_ATAATT_read2.fastq.gz,56V_34907_ATAATT,56V,2019-09-14_BCDV6TANXX,NA,NA,NA,2019-09-14_BCDV6TANXX
./2019-08-21_BCDT4JANXX/57_34859_ATAATT_read1.fastq.gz,./2019-08-21_BCDT4JANXX/57_34859_ATAATT_read2.fastq.gz,57_34859_ATAATT,57,2019-08-21_BCDT4JANXX,NA,2019-08-21_BCDT4JANXX,NA,NA
./2019-09-04_ACDVECANXX/57_34859_ATAATT_read1.fastq.gz,./2019-09-04_ACDVECANXX/57_34859_ATAATT_read2.fastq.gz,57_34859_ATAATT,57,2019-09-04_ACDVECANXX,NA,NA,2019-09-04_ACDVECANXX,NA
./2019-08-21_ACDVH5ANXX/58V_35124_GGCCTC_read1.fastq.gz,./2019-08-21_ACDVH5ANXX/58V_35124_GGCCTC_read2.fastq.gz,58V_35124_GGCCTC,58V,2019-08-21_ACDVH5ANXX,2019-08-21_ACDVH5ANXX,NA,NA,NA
./2019-09-14_BCDV6TANXX/58V_35124_GGCCTC_read1.fastq.gz,./2019-09-14_BCDV6TANXX/58V_35124_GGCCTC_read2.fastq.gz,58V_35124_GGCCTC,58V,2019-09-14_BCDV6TANXX,NA,NA,NA,2019-09-14_BCDV6TANXX
./2019-08-21_ACDVH5ANXX/59V_35125_TAAGAA_read1.fastq.gz,./2019-08-21_ACDVH5ANXX/59V_35125_TAAGAA_read2.fastq.gz,59V_35125_TAAGAA,59V,2019-08-21_ACDVH5ANXX,2019-08-21_ACDVH5ANXX,NA,NA,NA
./2019-09-14_BCDV6TANXX/59V_35125_TAAGAA_read1.fastq.gz,./2019-09-14_BCDV6TANXX/59V_35125_TAAGAA_read2.fastq.gz,59V_35125_TAAGAA,59V,2019-09-14_BCDV6TANXX,NA,NA,NA,2019-09-14_BCDV6TANXX
./2019-08-21_BCDT4JANXX/6_34828_GTTCGG_read1.fastq.gz,./2019-08-21_BCDT4JANXX/6_34828_GTTCGG_read2.fastq.gz,6_34828_GTTCGG,6,2019-08-21_BCDT4JANXX,NA,2019-08-21_BCDT4JANXX,NA,NA
./2019-09-04_ACDVECANXX/6_34828_GTTCGG_read1.fastq.gz,./2019-09-04_ACDVECANXX/6_34828_GTTCGG_read2.fastq.gz,6_34828_GTTCGG,6,2019-09-04_ACDVECANXX,NA,NA,2019-09-04_ACDVECANXX,NA
./2019-08-21_BCDT4JANXX/61_34860_TCAGAT_read1.fastq.gz,./2019-08-21_BCDT4JANXX/61_34860_TCAGAT_read2.fastq.gz,61_34860_TCAGAT,61,2019-08-21_BCDT4JANXX,NA,2019-08-21_BCDT4JANXX,NA,NA
./2019-09-04_ACDVECANXX/61_34860_TCAGAT_read1.fastq.gz,./2019-09-04_ACDVECANXX/61_34860_TCAGAT_read2.fastq.gz,61_34860_TCAGAT,61,2019-09-04_ACDVECANXX,NA,NA,2019-09-04_ACDVECANXX,NA
./2019-08-21_BCDT4JANXX/62_34861_AACTTA_read1.fastq.gz,./2019-08-21_BCDT4JANXX/62_34861_AACTTA_read2.fastq.gz,62_34861_AACTTA,62,2019-08-21_BCDT4JANXX,NA,2019-08-21_BCDT4JANXX,NA,NA
./2019-09-04_ACDVECANXX/62_34861_AACTTA_read1.fastq.gz,./2019-09-04_ACDVECANXX/62_34861_AACTTA_read2.fastq.gz,62_34861_AACTTA,62,2019-09-04_ACDVECANXX,NA,NA,2019-09-04_ACDVECANXX,NA
./2019-09-04_ACDVECANXX/62V_34909_AACTTA_read1.fastq.gz,./2019-09-04_ACDVECANXX/62V_34909_AACTTA_read2.fastq.gz,62V_34909_AACTTA,62V,2019-09-04_ACDVECANXX,NA,NA,2019-09-04_ACDVECANXX,NA
./2019-09-14_BCDV6TANXX/62V_34909_AACTTA_read1.fastq.gz,./2019-09-14_BCDV6TANXX/62V_34909_AACTTA_read2.fastq.gz,62V_34909_AACTTA,62V,2019-09-14_BCDV6TANXX,NA,NA,NA,2019-09-14_BCDV6TANXX
./2019-08-21_BCDT4JANXX/64_34862_CGTAGA_read1.fastq.gz,./2019-08-21_BCDT4JANXX/64_34862_CGTAGA_read2.fastq.gz,64_34862_CGTAGA,64,2019-08-21_BCDT4JANXX,NA,2019-08-21_BCDT4JANXX,NA,NA
./2019-09-04_ACDVECANXX/64_34862_CGTAGA_read1.fastq.gz,./2019-09-04_ACDVECANXX/64_34862_CGTAGA_read2.fastq.gz,64_34862_CGTAGA,64,2019-09-04_ACDVECANXX,NA,NA,2019-09-04_ACDVECANXX,NA
./2019-08-21_BCDT4JANXX/65_34863_CAGGCT_read1.fastq.gz,./2019-08-21_BCDT4JANXX/65_34863_CAGGCT_read2.fastq.gz,65_34863_CAGGCT,65,2019-08-21_BCDT4JANXX,NA,2019-08-21_BCDT4JANXX,NA,NA
./2019-09-04_ACDVECANXX/65_34863_CAGGCT_read1.fastq.gz,./2019-09-04_ACDVECANXX/65_34863_CAGGCT_read2.fastq.gz,65_34863_CAGGCT,65,2019-09-04_ACDVECANXX,NA,NA,2019-09-04_ACDVECANXX,NA
./2019-08-21_BCDT4JANXX/66_34864_CCTAAC_read1.fastq.gz,./2019-08-21_BCDT4JANXX/66_34864_CCTAAC_read2.fastq.gz,66_34864_CCTAAC,66,2019-08-21_BCDT4JANXX,NA,2019-08-21_BCDT4JANXX,NA,NA
./2019-09-04_ACDVECANXX/66_34864_CCTAAC_read1.fastq.gz,./2019-09-04_ACDVECANXX/66_34864_CCTAAC_read2.fastq.gz,66_34864_CCTAAC,66,2019-09-04_ACDVECANXX,NA,NA,2019-09-04_ACDVECANXX,NA
./2019-08-21_BCDT4JANXX/67_34865_ATTGAG_read1.fastq.gz,./2019-08-21_BCDT4JANXX/67_34865_ATTGAG_read2.fastq.gz,67_34865_ATTGAG,67,2019-08-21_BCDT4JANXX,NA,2019-08-21_BCDT4JANXX,NA,NA
./2019-09-04_ACDVECANXX/67_34865_ATTGAG_read1.fastq.gz,./2019-09-04_ACDVECANXX/67_34865_ATTGAG_read2.fastq.gz,67_34865_ATTGAG,67,2019-09-04_ACDVECANXX,NA,NA,2019-09-04_ACDVECANXX,NA
./2019-08-21_BCDT4JANXX/68_34866_CAGAGA_read1.fastq.gz,./2019-08-21_BCDT4JANXX/68_34866_CAGAGA_read2.fastq.gz,68_34866_CAGAGA,68,2019-08-21_BCDT4JANXX,NA,2019-08-21_BCDT4JANXX,NA,NA
./2019-09-04_ACDVECANXX/68_34866_CAGAGA_read1.fastq.gz,./2019-09-04_ACDVECANXX/68_34866_CAGAGA_read2.fastq.gz,68_34866_CAGAGA,68,2019-09-04_ACDVECANXX,NA,NA,2019-09-04_ACDVECANXX,NA
./2019-08-21_BCDT4JANXX/69_34567_AGAGGT_read1.fastq.gz,./2019-08-21_BCDT4JANXX/69_34567_AGAGGT_read2.fastq.gz,69_34567_AGAGGT,69,2019-08-21_BCDT4JANXX,NA,2019-08-21_BCDT4JANXX,NA,NA
./2019-09-04_ACDVECANXX/69_34567_AGAGGT_read1.fastq.gz,./2019-09-04_ACDVECANXX/69_34567_AGAGGT_read2.fastq.gz,69_34567_AGAGGT,69,2019-09-04_ACDVECANXX,NA,NA,2019-09-04_ACDVECANXX,NA
./2019-08-21_BCDT4JANXX/7_34829_AACCGG_read1.fastq.gz,./2019-08-21_BCDT4JANXX/7_34829_AACCGG_read2.fastq.gz,7_34829_AACCGG,7,2019-08-21_BCDT4JANXX,NA,2019-08-21_BCDT4JANXX,NA,NA
./2019-09-04_ACDVECANXX/7_34829_AACCGG_read1.fastq.gz,./2019-09-04_ACDVECANXX/7_34829_AACCGG_read2.fastq.gz,7_34829_AACCGG,7,2019-09-04_ACDVECANXX,NA,NA,2019-09-04_ACDVECANXX,NA
./2019-08-21_BCDT4JANXX/70_34568_AGTTGC_read1.fastq.gz,./2019-08-21_BCDT4JANXX/70_34568_AGTTGC_read2.fastq.gz,70_34568_AGTTGC,70,2019-08-21_BCDT4JANXX,NA,2019-08-21_BCDT4JANXX,NA,NA
./2019-09-04_ACDVECANXX/70_34568_AGTTGC_read1.fastq.gz,./2019-09-04_ACDVECANXX/70_34568_AGTTGC_read2.fastq.gz,70_34568_AGTTGC,70,2019-09-04_ACDVECANXX,NA,NA,2019-09-04_ACDVECANXX,NA
./2019-08-21_BCDT4JANXX/73_34569_CTTCCA_read1.fastq.gz,./2019-08-21_BCDT4JANXX/73_34569_CTTCCA_read2.fastq.gz,73_34569_CTTCCA,73,2019-08-21_BCDT4JANXX,NA,2019-08-21_BCDT4JANXX,NA,NA
./2019-09-04_ACDVECANXX/73_34569_CTTCCA_read1.fastq.gz,./2019-09-04_ACDVECANXX/73_34569_CTTCCA_read2.fastq.gz,73_34569_CTTCCA,73,2019-09-04_ACDVECANXX,NA,NA,2019-09-04_ACDVECANXX,NA
./2019-08-21_ACDVH5ANXX/73V_35127_AGAACC_read1.fastq.gz,./2019-08-21_ACDVH5ANXX/73V_35127_AGAACC_read2.fastq.gz,73V_35127_AGAACC,73V,2019-08-21_ACDVH5ANXX,2019-08-21_ACDVH5ANXX,NA,NA,NA
./2019-09-14_BCDV6TANXX/73V_35127_AGAACC_read1.fastq.gz,./2019-09-14_BCDV6TANXX/73V_35127_AGAACC_read2.fastq.gz,73V_35127_AGAACC,73V,2019-09-14_BCDV6TANXX,NA,NA,NA,2019-09-14_BCDV6TANXX
./2019-08-21_BCDT4JANXX/75_34867_TCCTCT_read1.fastq.gz,./2019-08-21_BCDT4JANXX/75_34867_TCCTCT_read2.fastq.gz,75_34867_TCCTCT,75,2019-08-21_BCDT4JANXX,NA,2019-08-21_BCDT4JANXX,NA,NA
./2019-09-04_ACDVECANXX/75_34867_TCCTCT_read1.fastq.gz,./2019-09-04_ACDVECANXX/75_34867_TCCTCT_read2.fastq.gz,75_34867_TCCTCT,75,2019-09-04_ACDVECANXX,NA,NA,2019-09-04_ACDVECANXX,NA
./2019-08-21_BCDT4JANXX/76_34570_TAAGAT_read1.fastq.gz,./2019-08-21_BCDT4JANXX/76_34570_TAAGAT_read2.fastq.gz,76_34570_TAAGAT,76,2019-08-21_BCDT4JANXX,NA,2019-08-21_BCDT4JANXX,NA,NA
./2019-09-04_ACDVECANXX/76_34570_TAAGAT_read1.fastq.gz,./2019-09-04_ACDVECANXX/76_34570_TAAGAT_read2.fastq.gz,76_34570_TAAGAT,76,2019-09-04_ACDVECANXX,NA,NA,2019-09-04_ACDVECANXX,NA
./2019-08-21_BCDT4JANXX/77_34571_AGGATC_read1.fastq.gz,./2019-08-21_BCDT4JANXX/77_34571_AGGATC_read2.fastq.gz,77_34571_AGGATC,77,2019-08-21_BCDT4JANXX,NA,2019-08-21_BCDT4JANXX,NA,NA
./2019-09-04_ACDVECANXX/77_34571_AGGATC_read1.fastq.gz,./2019-09-04_ACDVECANXX/77_34571_AGGATC_read2.fastq.gz,77_34571_AGGATC,77,2019-09-04_ACDVECANXX,NA,NA,2019-09-04_ACDVECANXX,NA
./2019-09-04_ACDVECANXX/77V_34910_CGTAGA_read1.fastq.gz,./2019-09-04_ACDVECANXX/77V_34910_CGTAGA_read2.fastq.gz,77V_34910_CGTAGA,77V,2019-09-04_ACDVECANXX,NA,NA,2019-09-04_ACDVECANXX,NA
./2019-09-14_BCDV6TANXX/77V_34910_CGTAGA_read1.fastq.gz,./2019-09-14_BCDV6TANXX/77V_34910_CGTAGA_read2.fastq.gz,77V_34910_CGTAGA,77V,2019-09-14_BCDV6TANXX,NA,NA,NA,2019-09-14_BCDV6TANXX
./2019-08-21_BCDT4JANXX/78_34572_ACTTAC_read1.fastq.gz,./2019-08-21_BCDT4JANXX/78_34572_ACTTAC_read2.fastq.gz,78_34572_ACTTAC,78,2019-08-21_BCDT4JANXX,NA,2019-08-21_BCDT4JANXX,NA,NA
./2019-09-04_ACDVECANXX/78_34572_ACTTAC_read1.fastq.gz,./2019-09-04_ACDVECANXX/78_34572_ACTTAC_read2.fastq.gz,78_34572_ACTTAC,78,2019-09-04_ACDVECANXX,NA,NA,2019-09-04_ACDVECANXX,NA
./2019-09-04_ACDVECANXX/78V_34911_CAGGCT_read1.fastq.gz,./2019-09-04_ACDVECANXX/78V_34911_CAGGCT_read2.fastq.gz,78V_34911_CAGGCT,78V,2019-09-04_ACDVECANXX,NA,NA,2019-09-04_ACDVECANXX,NA
./2019-09-14_BCDV6TANXX/78V_34911_CAGGCT_read1.fastq.gz,./2019-09-14_BCDV6TANXX/78V_34911_CAGGCT_read2.fastq.gz,78V_34911_CAGGCT,78V,2019-09-14_BCDV6TANXX,NA,NA,NA,2019-09-14_BCDV6TANXX
./2019-08-21_BCDT4JANXX/79_34573_TCGCTA_read1.fastq.gz,./2019-08-21_BCDT4JANXX/79_34573_TCGCTA_read2.fastq.gz,79_34573_TCGCTA,79,2019-08-21_BCDT4JANXX,NA,2019-08-21_BCDT4JANXX,NA,NA
./2019-09-04_ACDVECANXX/79_34573_TCGCTA_read1.fastq.gz,./2019-09-04_ACDVECANXX/79_34573_TCGCTA_read2.fastq.gz,79_34573_TCGCTA,79,2019-09-04_ACDVECANXX,NA,NA,2019-09-04_ACDVECANXX,NA
./2019-09-04_ACDVECANXX/79V_34912_CCTAAC_read1.fastq.gz,./2019-09-04_ACDVECANXX/79V_34912_CCTAAC_read2.fastq.gz,79V_34912_CCTAAC,79V,2019-09-04_ACDVECANXX,NA,NA,2019-09-04_ACDVECANXX,NA
./2019-09-14_BCDV6TANXX/79V_34912_CCTAAC_read1.fastq.gz,./2019-09-14_BCDV6TANXX/79V_34912_CCTAAC_read2.fastq.gz,79V_34912_CCTAAC,79V,2019-09-14_BCDV6TANXX,NA,NA,NA,2019-09-14_BCDV6TANXX
./2019-08-21_BCDT4JANXX/8_34830_ACTTCG_read1.fastq.gz,./2019-08-21_BCDT4JANXX/8_34830_ACTTCG_read2.fastq.gz,8_34830_ACTTCG,8,2019-08-21_BCDT4JANXX,NA,2019-08-21_BCDT4JANXX,NA,NA
./2019-09-04_ACDVECANXX/8_34830_ACTTCG_read1.fastq.gz,./2019-09-04_ACDVECANXX/8_34830_ACTTCG_read2.fastq.gz,8_34830_ACTTCG,8,2019-09-04_ACDVECANXX,NA,NA,2019-09-04_ACDVECANXX,NA
./2019-08-21_BCDT4JANXX/80_34868_AGGACT_read1.fastq.gz,./2019-08-21_BCDT4JANXX/80_34868_AGGACT_read2.fastq.gz,80_34868_AGGACT,80,2019-08-21_BCDT4JANXX,NA,2019-08-21_BCDT4JANXX,NA,NA
./2019-09-04_ACDVECANXX/80_34868_AGGACT_read1.fastq.gz,./2019-09-04_ACDVECANXX/80_34868_AGGACT_read2.fastq.gz,80_34868_AGGACT,80,2019-09-04_ACDVECANXX,NA,NA,2019-09-04_ACDVECANXX,NA
./2019-08-21_ACDVH5ANXX/80V_35129_TTCAAG_read1.fastq.gz,./2019-08-21_ACDVH5ANXX/80V_35129_TTCAAG_read2.fastq.gz,80V_35129_TTCAAG,80V,2019-08-21_ACDVH5ANXX,2019-08-21_ACDVH5ANXX,NA,NA,NA
./2019-09-14_BCDV6TANXX/80V_35129_TTCAAG_read1.fastq.gz,./2019-09-14_BCDV6TANXX/80V_35129_TTCAAG_read2.fastq.gz,80V_35129_TTCAAG,80V,2019-09-14_BCDV6TANXX,NA,NA,NA,2019-09-14_BCDV6TANXX
./2019-08-21_BCDT4JANXX/81_34574_ATGAGA_read1.fastq.gz,./2019-08-21_BCDT4JANXX/81_34574_ATGAGA_read2.fastq.gz,81_34574_ATGAGA,81,2019-08-21_BCDT4JANXX,NA,2019-08-21_BCDT4JANXX,NA,NA
./2019-09-04_ACDVECANXX/81_34574_ATGAGA_read1.fastq.gz,./2019-09-04_ACDVECANXX/81_34574_ATGAGA_read2.fastq.gz,81_34574_ATGAGA,81,2019-09-04_ACDVECANXX,NA,NA,2019-09-04_ACDVECANXX,NA
./2019-09-04_ACDVECANXX/81V_34913_ATTGAG_read1.fastq.gz,./2019-09-04_ACDVECANXX/81V_34913_ATTGAG_read2.fastq.gz,81V_34913_ATTGAG,81V,2019-09-04_ACDVECANXX,NA,NA,2019-09-04_ACDVECANXX,NA
./2019-09-14_BCDV6TANXX/81V_34913_ATTGAG_read1.fastq.gz,./2019-09-14_BCDV6TANXX/81V_34913_ATTGAG_read2.fastq.gz,81V_34913_ATTGAG,81V,2019-09-14_BCDV6TANXX,NA,NA,NA,2019-09-14_BCDV6TANXX
./2019-08-21_BCDT4JANXX/82_34575_GACCGT_read1.fastq.gz,./2019-08-21_BCDT4JANXX/82_34575_GACCGT_read2.fastq.gz,82_34575_GACCGT,82,2019-08-21_BCDT4JANXX,NA,2019-08-21_BCDT4JANXX,NA,NA
./2019-09-04_ACDVECANXX/82_34575_GACCGT_read1.fastq.gz,./2019-09-04_ACDVECANXX/82_34575_GACCGT_read2.fastq.gz,82_34575_GACCGT,82,2019-09-04_ACDVECANXX,NA,NA,2019-09-04_ACDVECANXX,NA
./2019-08-21_BCDT4JANXX/84_34576_CCGTTG_read1.fastq.gz,./2019-08-21_BCDT4JANXX/84_34576_CCGTTG_read2.fastq.gz,84_34576_CCGTTG,84,2019-08-21_BCDT4JANXX,NA,2019-08-21_BCDT4JANXX,NA,NA
./2019-09-04_ACDVECANXX/84_34576_CCGTTG_read1.fastq.gz,./2019-09-04_ACDVECANXX/84_34576_CCGTTG_read2.fastq.gz,84_34576_CCGTTG,84,2019-09-04_ACDVECANXX,NA,NA,2019-09-04_ACDVECANXX,NA
./2019-08-21_BCDT4JANXX/85_34869_ACCTTC_read1.fastq.gz,./2019-08-21_BCDT4JANXX/85_34869_ACCTTC_read2.fastq.gz,85_34869_ACCTTC,85,2019-08-21_BCDT4JANXX,NA,2019-08-21_BCDT4JANXX,NA,NA
./2019-09-04_ACDVECANXX/85_34869_ACCTTC_read1.fastq.gz,./2019-09-04_ACDVECANXX/85_34869_ACCTTC_read2.fastq.gz,85_34869_ACCTTC,85,2019-09-04_ACDVECANXX,NA,NA,2019-09-04_ACDVECANXX,NA
./2019-08-21_BCDT4JANXX/86_34577_CCGCAA_read1.fastq.gz,./2019-08-21_BCDT4JANXX/86_34577_CCGCAA_read2.fastq.gz,86_34577_CCGCAA,86,2019-08-21_BCDT4JANXX,NA,2019-08-21_BCDT4JANXX,NA,NA
./2019-09-04_ACDVECANXX/86_34577_CCGCAA_read1.fastq.gz,./2019-09-04_ACDVECANXX/86_34577_CCGCAA_read2.fastq.gz,86_34577_CCGCAA,86,2019-09-04_ACDVECANXX,NA,NA,2019-09-04_ACDVECANXX,NA
./2019-08-21_BCDT4JANXX/87_34870_CGTCGC_read1.fastq.gz,./2019-08-21_BCDT4JANXX/87_34870_CGTCGC_read2.fastq.gz,87_34870_CGTCGC,87,2019-08-21_BCDT4JANXX,NA,2019-08-21_BCDT4JANXX,NA,NA
./2019-09-04_ACDVECANXX/87_34870_CGTCGC_read1.fastq.gz,./2019-09-04_ACDVECANXX/87_34870_CGTCGC_read2.fastq.gz,87_34870_CGTCGC,87,2019-09-04_ACDVECANXX,NA,NA,2019-09-04_ACDVECANXX,NA
./2019-08-21_BCDT4JANXX/88_34871_TCATAC_read1.fastq.gz,./2019-08-21_BCDT4JANXX/88_34871_TCATAC_read2.fastq.gz,88_34871_TCATAC,88,2019-08-21_BCDT4JANXX,NA,2019-08-21_BCDT4JANXX,NA,NA
./2019-09-04_ACDVECANXX/88_34871_TCATAC_read1.fastq.gz,./2019-09-04_ACDVECANXX/88_34871_TCATAC_read2.fastq.gz,88_34871_TCATAC,88,2019-09-04_ACDVECANXX,NA,NA,2019-09-04_ACDVECANXX,NA
./2019-08-21_BCDT4JANXX/89_34872_GTCAAC_read1.fastq.gz,./2019-08-21_BCDT4JANXX/89_34872_GTCAAC_read2.fastq.gz,89_34872_GTCAAC,89,2019-08-21_BCDT4JANXX,NA,2019-08-21_BCDT4JANXX,NA,NA
./2019-09-04_ACDVECANXX/89_34872_GTCAAC_read1.fastq.gz,./2019-09-04_ACDVECANXX/89_34872_GTCAAC_read2.fastq.gz,89_34872_GTCAAC,89,2019-09-04_ACDVECANXX,NA,NA,2019-09-04_ACDVECANXX,NA
./2019-09-04_ACDVECANXX/89V_34914_CAGAGA_read1.fastq.gz,./2019-09-04_ACDVECANXX/89V_34914_CAGAGA_read2.fastq.gz,89V_34914_CAGAGA,89V,2019-09-04_ACDVECANXX,NA,NA,2019-09-04_ACDVECANXX,NA
./2019-09-14_BCDV6TANXX/89V_34914_CAGAGA_read1.fastq.gz,./2019-09-14_BCDV6TANXX/89V_34914_CAGAGA_read2.fastq.gz,89V_34914_CAGAGA,89V,2019-09-14_BCDV6TANXX,NA,NA,NA,2019-09-14_BCDV6TANXX
./2019-08-21_BCDT4JANXX/90_34578_CTTGAT_read1.fastq.gz,./2019-08-21_BCDT4JANXX/90_34578_CTTGAT_read2.fastq.gz,90_34578_CTTGAT,90,2019-08-21_BCDT4JANXX,NA,2019-08-21_BCDT4JANXX,NA,NA
./2019-09-04_ACDVECANXX/90_34578_CTTGAT_read1.fastq.gz,./2019-09-04_ACDVECANXX/90_34578_CTTGAT_read2.fastq.gz,90_34578_CTTGAT,90,2019-09-04_ACDVECANXX,NA,NA,2019-09-04_ACDVECANXX,NA
./2019-09-04_ACDVECANXX/90V_34915_TCCTCT_read1.fastq.gz,./2019-09-04_ACDVECANXX/90V_34915_TCCTCT_read2.fastq.gz,90V_34915_TCCTCT,90V,2019-09-04_ACDVECANXX,NA,NA,2019-09-04_ACDVECANXX,NA
./2019-09-14_BCDV6TANXX/90V_34915_TCCTCT_read1.fastq.gz,./2019-09-14_BCDV6TANXX/90V_34915_TCCTCT_read2.fastq.gz,90V_34915_TCCTCT,90V,2019-09-14_BCDV6TANXX,NA,NA,NA,2019-09-14_BCDV6TANXX
./2019-08-21_BCDT4JANXX/92_34873_GTCGCG_read1.fastq.gz,./2019-08-21_BCDT4JANXX/92_34873_GTCGCG_read2.fastq.gz,92_34873_GTCGCG,92,2019-08-21_BCDT4JANXX,NA,2019-08-21_BCDT4JANXX,NA,NA
./2019-09-04_ACDVECANXX/92_34873_GTCGCG_read1.fastq.gz,./2019-09-04_ACDVECANXX/92_34873_GTCGCG_read2.fastq.gz,92_34873_GTCGCG,92,2019-09-04_ACDVECANXX,NA,NA,2019-09-04_ACDVECANXX,NA
./2019-08-21_BCDT4JANXX/94_34579_CTGATA_read1.fastq.gz,./2019-08-21_BCDT4JANXX/94_34579_CTGATA_read2.fastq.gz,94_34579_CTGATA,94,2019-08-21_BCDT4JANXX,NA,2019-08-21_BCDT4JANXX,NA,NA
./2019-09-04_ACDVECANXX/94_34579_CTGATA_read1.fastq.gz,./2019-09-04_ACDVECANXX/94_34579_CTGATA_read2.fastq.gz,94_34579_CTGATA,94,2019-09-04_ACDVECANXX,NA,NA,2019-09-04_ACDVECANXX,NA
./2019-08-21_BCDT4JANXX/95_34580_ATAGGA_read1.fastq.gz,./2019-08-21_BCDT4JANXX/95_34580_ATAGGA_read2.fastq.gz,95_34580_ATAGGA,95,2019-08-21_BCDT4JANXX,NA,2019-08-21_BCDT4JANXX,NA,NA
./2019-09-04_ACDVECANXX/95_34580_ATAGGA_read1.fastq.gz,./2019-09-04_ACDVECANXX/95_34580_ATAGGA_read2.fastq.gz,95_34580_ATAGGA,95,2019-09-04_ACDVECANXX,NA,NA,2019-09-04_ACDVECANXX,NA
./2019-08-21_BCDT4JANXX/96_34581_CTCGCA_read1.fastq.gz,./2019-08-21_BCDT4JANXX/96_34581_CTCGCA_read2.fastq.gz,96_34581_CTCGCA,96,2019-08-21_BCDT4JANXX,NA,2019-08-21_BCDT4JANXX,NA,NA
./2019-09-04_ACDVECANXX/96_34581_CTCGCA_read1.fastq.gz,./2019-09-04_ACDVECANXX/96_34581_CTCGCA_read2.fastq.gz,96_34581_CTCGCA,96,2019-09-04_ACDVECANXX,NA,NA,2019-09-04_ACDVECANXX,NA
./2019-09-04_ACDVECANXX/97_34875_CGTTGG_read1.fastq.gz,./2019-09-04_ACDVECANXX/97_34875_CGTTGG_read2.fastq.gz,97_34875_CGTTGG,97,2019-09-04_ACDVECANXX,NA,NA,2019-09-04_ACDVECANXX,NA
./2019-09-14_BCDV6TANXX/97_34875_CGTTGG_read1.fastq.gz,./2019-09-14_BCDV6TANXX/97_34875_CGTTGG_read2.fastq.gz,97_34875_CGTTGG,97,2019-09-14_BCDV6TANXX,NA,NA,NA,2019-09-14_BCDV6TANXX
./2019-09-04_ACDVECANXX/98_34876_GTTCGG_read1.fastq.gz,./2019-09-04_ACDVECANXX/98_34876_GTTCGG_read2.fastq.gz,98_34876_GTTCGG,98,2019-09-04_ACDVECANXX,NA,NA,2019-09-04_ACDVECANXX,NA
./2019-09-14_BCDV6TANXX/98_34876_GTTCGG_read1.fastq.gz,./2019-09-14_BCDV6TANXX/98_34876_GTTCGG_read2.fastq.gz,98_34876_GTTCGG,98,2019-09-14_BCDV6TANXX,NA,NA,NA,2019-09-14_BCDV6TANXX
./2019-09-04_ACDVECANXX/99_34877_AACCGG_read1.fastq.gz,./2019-09-04_ACDVECANXX/99_34877_AACCGG_read2.fastq.gz,99_34877_AACCGG,99,2019-09-04_ACDVECANXX,NA,NA,2019-09-04_ACDVECANXX,NA
./2019-09-14_BCDV6TANXX/99_34877_AACCGG_read1.fastq.gz,./2019-09-14_BCDV6TANXX/99_34877_AACCGG_read2.fastq.gz,99_34877_AACCGG,99,2019-09-14_BCDV6TANXX,NA,NA,NA,2019-09-14_BCDV6TANXX
